<?xml version="1.0" encoding="UTF-8"?>

<ValueSet xmlns="http://hl7.org/fhir">
  <id value="uscore-medicationstatement-status"/>
  <text>
    <status value="extensions"/><div xmlns="http://www.w3.org/1999/xhtml"><p>This value set includes codes based on the following rules:</p><ul><li>Include all codes defined in <a href="http://hl7.org/fhir/R4/codesystem-medication-statement-status.html"><code>http://hl7.org/fhir/CodeSystem/medication-statement-status</code></a></li></ul><p>This value set excludes codes based on the following rules:</p><ul><li>Exclude these codes as defined in <a href="http://hl7.org/fhir/R4/codesystem-medication-statement-status.html"><code>http://hl7.org/fhir/CodeSystem/medication-statement-status</code></a><table class="none"><tr><td style="white-space:nowrap"><b>Code</b></td><td><b>Display</b></td><td><b>Definition</b></td></tr><tr><td><a href="http://hl7.org/fhir/R4/codesystem-medication-statement-status.html#medication-statement-status-not-taken">not-taken</a></td><td>Not Taken</td><td>The medication was not consumed by the patient</td></tr><tr><td><a href="http://hl7.org/fhir/R4/codesystem-medication-statement-status.html#medication-statement-status-on-hold">on-hold</a></td><td>On Hold</td><td>Actions implied by the statement have been temporarily halted, but are expected to continue later. May also be called 'suspended'.</td></tr><tr><td><a href="http://hl7.org/fhir/R4/codesystem-medication-statement-status.html#medication-statement-status-stopped">stopped</a></td><td>Stopped</td><td>Actions implied by the statement have been permanently halted, before all of them occurred. This should not be used if the statement was entered in error.</td></tr><tr><td><a href="http://hl7.org/fhir/R4/codesystem-medication-statement-status.html#medication-statement-status-unknown">unknown</a></td><td>Unknown</td><td>The state of the medication use is not currently known.</td></tr></table></li></ul></div>
  </text>
  <extension url="http://hl7.org/fhir/StructureDefinition/structuredefinition-fmm">
    <valueInteger value="1">
      <extension url="http://hl7.org/fhir/StructureDefinition/structuredefinition-conformance-derivedFrom">
        <valueCanonical value="http://www.fhir.org/guides/testing-sandbox/ImplementationGuide/testing-sandbox"/>
      </extension>
    </valueInteger>
  </extension>
  <extension url="http://hl7.org/fhir/StructureDefinition/structuredefinition-standards-status">
    <valueCode value="trial-use">
      <extension url="http://hl7.org/fhir/StructureDefinition/structuredefinition-conformance-derivedFrom">
        <valueCanonical value="http://www.fhir.org/guides/testing-sandbox/ImplementationGuide/testing-sandbox"/>
      </extension>
    </valueCode>
  </extension>
  <url value="http://www.fhir.org/guides/testing-sandbox/ValueSet/uscore-medicationstatement-status"/>
  <version value="0.0.0"/>
  <name value="USCoreMedicationstatementStatus"/>
  <title value="US Core Medication Status Codes"/>
  <status value="draft"/>
  <experimental value="false"/>
  <date value="2023-08-15"/>
  <publisher value="Health eData Inc"/>
  <contact>
    <telecom>
      <system value="email"/>
      <value value="mailto:ehaas@healthedatainc.com"/>
    </telecom>
  </contact>
  <description value="A code specifying the state of the statement.  Generally, this will be active or completed state.  This value set excludes the concept used internally by the FHIR specification, not-taken,on-hold,stopped, and unknown, because they are covered by the medication adherence extension."/>
  <jurisdiction>
    <coding>
      <system value="urn:iso:std:iso:3166"/>
      <code value="US"/>
    </coding>
  </jurisdiction>
  <immutable value="true"/>
  <compose>
    <include>
      <system value="http://hl7.org/fhir/CodeSystem/medication-statement-status"/>
    </include>
    <exclude>
      <system value="http://hl7.org/fhir/CodeSystem/medication-statement-status"/>
      <concept>
        <code value="not-taken"/>
      </concept>
      <concept>
        <code value="on-hold"/>
      </concept>
      <concept>
        <code value="stopped"/>
      </concept>
      <concept>
        <code value="unknown"/>
      </concept>
    </exclude>
  </compose>
</ValueSet>