[
  {
    "id" : "uscdi4-sandbox",
    "type" : "ImplementationGuide",
    "url" : "http://www.fhir.org/guides/uscdi4-sandbox/ImplementationGuide/uscdi4-sandbox",
    "version" : "0.0.0",
    "name" : "USCDI4_1Sandbox"
  },
  {
    "id" : "us-core-medicationstatement",
    "type" : "StructureDefinition",
    "url" : "http://www.fhir.org/guides/uscdi4-sandbox/StructureDefinition/us-core-medicationstatement",
    "version" : "0.0.0",
    "name" : "USCoreMedicationStatement"
  },
  {
    "id" : "uscore-medicationstatement-status",
    "type" : "ValueSet",
    "url" : "http://www.fhir.org/guides/uscdi4-sandbox/ValueSet/uscore-medicationstatement-status",
    "version" : "0.0.0",
    "name" : "USCoreMedicationstatementStatus"
  }
]
