[
  {
    "id" : "testing-sandbox",
    "type" : "ImplementationGuide",
    "url" : "http://www.fhir.org/guides/testing-sandbox/ImplementationGuide/testing-sandbox",
    "version" : "0.0.0",
    "name" : "Testing_Sandbox"
  },
  {
    "id" : "us-core-medicationstatement",
    "type" : "StructureDefinition",
    "url" : "http://www.fhir.org/guides/testing-sandbox/StructureDefinition/us-core-medicationstatement",
    "version" : "0.0.0",
    "name" : "USCoreMedicationStatement"
  },
  {
    "id" : "uscore-medicationstatement-status",
    "type" : "ValueSet",
    "url" : "http://www.fhir.org/guides/testing-sandbox/ValueSet/uscore-medicationstatement-status",
    "version" : "0.0.0",
    "name" : "USCoreMedicationstatementStatus"
  }
]
